{
    "rms_error": 0.6297686418430952,
    "camera_matrix": [
        [
            1457.6789024378172,
            0.0,
            702.4932518228159
        ],
        [
            0.0,
            1444.7398528331755,
            436.664849009541
        ],
        [
            0.0,
            0.0,
            1.0
        ]
    ],
    "distortion_coefficients": [
        [
            -0.1621858077653359,
            2.670149422830255,
            -0.017609830858673136,
            0.007285698353136764,
            -8.7775205104194
        ]
    ],
    "extrinsics": {
        "img_0000.jpg": {
            "rvec": [
                -0.3148260805543684,
                -1.1971607810743436,
                2.8375920062796935
            ],
            "tvec": [
                61.321050437425555,
                5.481838516332058,
                751.0054637369113
            ]
        },
        "img_0001.jpg": {
            "rvec": [
                -0.1692298902820108,
                -0.10392597128353119,
                -0.002041206693733741
            ],
            "tvec": [
                -112.463141502382,
                -113.99707758364696,
                664.9581809155239
            ]
        },
        "img_0002.jpg": {
            "rvec": [
                -0.1451784418105262,
                0.4234048277294886,
                3.0750492784371355
            ],
            "tvec": [
                -60.17351641196097,
                3.703732771758772,
                982.4021244383576
            ]
        },
        "img_0003.jpg": {
            "rvec": [
                -0.09451238862720465,
                0.41187191626239567,
                3.088817826005562
            ],
            "tvec": [
                -55.91179228483105,
                142.98177922090656,
                935.1898769673026
            ]
        },
        "img_0004.jpg": {
            "rvec": [
                -0.290373824600801,
                0.16649458002476325,
                1.5568365322620128
            ],
            "tvec": [
                -57.44501828224622,
                -27.651613025115058,
                986.6157546412646
            ]
        },
        "img_0005.jpg": {
            "rvec": [
                -1.017533731318472,
                -0.607872460271515,
                1.4802577221774806
            ],
            "tvec": [
                -130.53073153461767,
                -65.37489390748225,
                924.5317882117953
            ]
        },
        "img_0006.jpg": {
            "rvec": [
                -1.0002057658026546,
                -0.7176503638933762,
                1.4611183253629616
            ],
            "tvec": [
                -183.77081524079492,
                -94.09521169845097,
                748.8853362604026
            ]
        },
        "img_0007.jpg": {
            "rvec": [
                -0.3230752729391268,
                0.031094455474061262,
                1.5460965617242939
            ],
            "tvec": [
                -94.15026088985489,
                -126.79212596267071,
                709.992843808622
            ]
        },
        "img_0008.jpg": {
            "rvec": [
                0.4766700237006469,
                -0.802438218147118,
                1.433434806314653
            ],
            "tvec": [
                -8.421913007355098,
                -208.18647363939783,
                836.8103288049167
            ]
        },
        "img_0009.jpg": {
            "rvec": [
                0.7555979411169471,
                -0.897906497614247,
                1.4634241272380526
            ],
            "tvec": [
                -1.363636040240886,
                -189.50346475714747,
                841.791890034639
            ]
        },
        "img_0010.jpg": {
            "rvec": [
                0.5660528642649892,
                -0.7652326568095045,
                1.4763899000351899
            ],
            "tvec": [
                -22.7584213773787,
                -79.24868469492313,
                819.1489291943263
            ]
        },
        "img_0011.jpg": {
            "rvec": [
                1.1728747828992552,
                -0.2147488516163253,
                2.133685319092729
            ],
            "tvec": [
                21.121972525701313,
                -3.0492453507478605,
                793.4946654002138
            ]
        },
        "img_0012.jpg": {
            "rvec": [
                1.332633392024533,
                0.3151027843709528,
                2.1819023343154047
            ],
            "tvec": [
                96.85837139718801,
                20.559451919041987,
                555.195173909352
            ]
        },
        "img_0013.jpg": {
            "rvec": [
                0.5971679878687728,
                0.14976246095917906,
                1.8435148379529396
            ],
            "tvec": [
                153.62737971631896,
                -80.82042648869466,
                604.4170625248245
            ]
        },
        "img_0014.jpg": {
            "rvec": [
                1.3164650747928925,
                0.18583891325366622,
                2.068298488454803
            ],
            "tvec": [
                152.0573637315432,
                9.304398846773669,
                551.4736942798148
            ]
        },
        "img_0015.jpg": {
            "rvec": [
                -0.9467211482992016,
                0.5497628997843468,
                1.5232826806467632
            ],
            "tvec": [
                -46.09939410238953,
                -20.880031411079305,
                674.2127652322731
            ]
        },
        "img_0016.jpg": {
            "rvec": [
                -1.0857205709530084,
                0.558722539839666,
                1.6967094417034347
            ],
            "tvec": [
                -44.27097343580831,
                -6.216180438075356,
                617.3499969614744
            ]
        },
        "img_0017.jpg": {
            "rvec": [
                -1.3446243428899096,
                -0.2918677614362421,
                1.5216255019289797
            ],
            "tvec": [
                -122.15776215103044,
                -106.00434998266574,
                729.9322178996848
            ]
        },
        "img_0018.jpg": {
            "rvec": [
                -0.6777954089624275,
                -0.8216940071549168,
                1.811264149438089
            ],
            "tvec": [
                -45.18673537114713,
                -138.08738732899457,
                723.1634311613192
            ]
        },
        "img_0019.jpg": {
            "rvec": [
                1.4518987998899522,
                -0.06337148535512564,
                2.7645764993847806
            ],
            "tvec": [
                148.12035894939444,
                11.954823021980095,
                613.7078094502143
            ]
        }
    }
}