{
    "origin_rvec": [
        -0.03523214399688765,
        -2.9489488140776134,
        -0.4139447291775569
    ],
    "origin_tvec": [
        19.93499756774065,
        8.274746242005033,
        961.8001917224052
    ],
    "note": "Transform from Camera to World Origin (Marker)"
}