{
    "origin_rvec": [
        0.0,
        -3.141592653589793,
        0.0
    ],
    "origin_tvec": [
        -0.28725115798255685,
        -0.2594311775793587,
        1.6664345276787689
    ],
    "note": "Wizard V4 (FlipY=True)"
}